{"spawnPointList":[{"EnemyType":0,"Pos":{"x":5.215267658233643,"y":1.3984732627868653,"z":0.0}}]}