{"spawnPointList":[{"EnemyType":0,"Pos":{"x":-0.9648857116699219,"y":3.047328472137451,"z":0.0}}]}