{"name":"Temp","spawnPointList":[{"EnemyType":0,"Pos":{"x":-4.213741302490234,"y":4.175572872161865,"z":0.0}},{"EnemyType":0,"Pos":{"x":5.541985988616943,"y":3.18320631980896,"z":0.0}}]}