{"name":"Temp1","spawnPointList":[{"EnemyType":0,"Pos":{"x":6.9618330001831059,"y":3.746565341949463,"z":0.0}}]}