{"name":"Temp","spawnPointList":[{"EnemyType":1,"Pos":{"x":-3.9024391174316408,"y":2.621951103210449,"z":0.0}},{"EnemyType":4,"Pos":{"x":4.115854263305664,"y":2.4847559928894045,"z":0.0}}]}